code,name
688755,N汉邦
301636,N泽润
301260,格力博
301089,拓新药业
301488,豪恩汽电
300963,中洲特材
301076,新瀚新材
301335,天元宠物
300328,宜安科技
300695,兆丰股份
300434,金石亚药
300258,精锻科技
300819,聚杰微纤
688068,热景生物
301283,聚胶股份
301320,豪江智能
688395,正弦电气
301211,亨迪药业
300946,恒而达
301300,远翔新材
301310,鑫宏业
300927,江天化学
600340,华夏幸福
600798,宁波海运
002547,春兴精工
002136,安 纳 达
002560,通达股份
601008,连云港
600468,百利电气
002900,哈三联
605136,丽人丽妆
002735,王子新材
002510,天汽模
002291,遥望科技
002471,中超控股
605169,洪通燃气
603758,秦安股份
600281,华阳新材
603990,麦迪科技
002284,亚太股份
002651,利君股份
600610,中毅达
603665,康隆达
603839,安正时尚
002813,路畅科技
605288,凯迪股份
603109,神驰机电
605188,国光连锁
603350,安乃达
603102,百合股份
600699,均胜电子
002590,万安科技
002520,日发精机
002378,章源钨业
002040,南 京 港
001319,铭科精技
603286,日盈电子
603337,杰克股份
002819,东方中科
603040,新坐标
002165,红 宝 丽
002190,成飞集成
001317,三羊马
002809,红墙股份
002909,集泰股份
601022,宁波远洋
002811,郑中设计
002915,中欣氟材
000756,新华制药
603980,吉华集团
603178,圣龙股份
000565,渝三峡Ａ
002105,信隆健康
600397,安源煤业
601908,京运通
300004,南风股份
688062,迈威生物-U
688665,四方光电
688716,中研股份
301210,金杨股份
300420,五洋自控
300552,万集科技
300945,曼卡龙
605336,帅丰电器
301216,万凯新材
688171,纬德信息
002860,星帅尔
000559,万向钱潮
600389,江山股份
600105,永鼎股份
300995,奇德新材
002542,中化岩土
688383,新益昌
300026,红日药业
301613,新铝时代
300353,东土科技
000657,中钨高新
000026,飞亚达
301135,瑞德智能
002895,川恒股份
